City,Cloudiness,Country,Date,Humidity,Lat,Lng,Max Temp,Wind Speed
pevek,81,RU,2020-10-24 00:22:58,93,69.7,170.31,26.62,9.17
ballina,75,AU,2020-10-24 00:22:58,88,-28.87,153.57,73.4,9.17
cape town,90,ZA,2020-10-24 00:22:58,93,-33.93,18.42,62.01,6.93
kruisfontein,42,ZA,2020-10-24 00:22:59,87,-34.0,24.73,66.0,6.24
bengkulu,100,ID,2020-10-24 00:22:59,87,-3.8,102.27,76.53,4.59
bluff,94,NZ,2020-10-24 00:22:59,50,-46.6,168.33,72.0,15.01
vaini,75,TO,2020-10-24 00:23:00,78,-21.2,-175.2,77.0,9.17
hobart,75,AU,2020-10-24 00:19:25,54,-42.88,147.33,57.99,9.17
kaitangata,48,NZ,2020-10-24 00:23:00,41,-46.28,169.85,68.0,5.12
khani,0,GE,2020-10-24 00:23:00,66,41.96,42.96,51.8,2.24
port alfred,82,ZA,2020-10-24 00:18:05,90,-33.59,26.89,67.8,16.87
ambulu,24,ID,2020-10-24 00:23:01,79,-8.35,113.61,79.75,2.48
pemangkat,95,ID,2020-10-24 00:23:01,82,1.17,108.97,79.23,5.7
pisco,0,PE,2020-10-24 00:19:20,77,-13.7,-76.22,64.4,19.46
honiara,93,SB,2020-10-24 00:23:01,59,-9.43,159.95,87.21,4.72
kavaratti,96,IN,2020-10-24 00:23:02,77,10.57,72.64,80.17,12.82
new norfolk,100,AU,2020-10-24 00:23:02,62,-42.78,147.06,57.99,5.01
saint-joseph,40,RE,2020-10-24 00:23:02,68,-21.37,55.62,69.8,3.36
lebu,100,CL,2020-10-24 00:23:02,89,-37.62,-73.65,51.13,1.36
carnarvon,0,AU,2020-10-24 00:23:03,64,-24.87,113.63,73.4,18.34
barrow,90,US,2020-10-24 00:23:03,92,71.29,-156.79,28.4,8.05
choa saidan shah,0,PK,2020-10-24 00:23:03,30,32.72,72.98,63.1,1.28
puerto ayora,57,EC,2020-10-24 00:23:03,92,-0.74,-90.35,69.01,1.99
saint-ambroise,75,CA,2020-10-24 00:23:03,93,48.55,-71.33,41.0,26.4
santa maria,100,BR,2020-10-24 00:23:04,89,-29.68,-53.81,68.32,6.42
georgetown,20,MY,2020-10-24 00:21:05,94,5.41,100.34,78.8,4.45
minab,0,IR,2020-10-24 00:23:04,25,27.15,57.08,73.4,4.7
majalgaon,100,IN,2020-10-24 00:23:05,78,19.15,76.23,71.98,2.15
bredasdorp,30,ZA,2020-10-24 00:23:05,93,-34.53,20.04,66.2,2.24
lagoa,39,PT,2020-10-24 00:23:05,81,39.05,-27.98,66.74,24.56
kodiak,90,US,2020-10-24 00:23:05,93,57.79,-152.41,46.4,18.34
airai,22,TL,2020-10-24 00:23:06,77,-8.93,125.41,72.36,1.7
fuerte olimpo,63,PY,2020-10-24 00:23:06,93,-21.04,-57.87,73.0,4.18
upernavik,100,GL,2020-10-24 00:23:06,92,72.79,-56.15,21.74,6.64
saint-philippe,40,RE,2020-10-24 00:23:06,68,-21.36,55.77,71.6,3.36
busselton,0,AU,2020-10-24 00:23:07,69,-33.65,115.33,57.0,8.99
butaritari,77,KI,2020-10-24 00:23:07,74,3.07,172.79,81.86,12.95
mahebourg,40,MU,2020-10-24 00:23:07,73,-20.41,57.7,73.4,9.17
avarua,86,CK,2020-10-24 00:23:07,69,-21.21,-159.78,78.8,16.11
ushuaia,75,AR,2020-10-24 00:23:08,70,-54.8,-68.3,42.8,9.17
rikitea,74,PF,2020-10-24 00:23:08,81,-23.12,-134.97,74.01,13.85
lujan,53,AR,2020-10-24 00:23:08,92,-34.57,-59.1,68.0,7.02
bud,97,US,2020-10-24 00:23:08,100,39.45,-86.18,48.99,9.17
tura,100,IN,2020-10-24 00:18:14,99,25.52,90.22,70.03,4.65
flinders,100,AU,2020-10-24 00:23:09,80,-34.58,150.86,75.0,4.0
ilulissat,78,GL,2020-10-24 00:23:09,62,69.22,-51.1,21.2,5.82
tasiilaq,100,GL,2020-10-24 00:23:09,59,65.61,-37.64,33.8,11.41
mataura,64,NZ,2020-10-24 00:23:09,50,-46.19,168.86,72.0,15.01
agirish,0,RU,2020-10-24 00:23:09,93,61.92,63.02,19.74,4.38
ipixuna,40,BR,2020-10-24 00:23:10,83,-1.76,-48.8,78.8,4.7
am timan,53,TD,2020-10-24 00:23:10,51,11.03,20.28,77.27,4.47
coquimbo,75,CL,2020-10-24 00:20:57,82,-29.95,-71.34,55.4,5.82
tuktoyaktuk,90,CA,2020-10-24 00:23:10,92,69.45,-133.04,24.8,6.93
shelburne,90,CA,2020-10-24 00:23:10,93,44.08,-80.2,64.0,3.36
chuy,94,UY,2020-10-24 00:23:11,97,-33.7,-53.46,62.11,5.68
san quintin,47,MX,2020-10-24 00:23:11,69,30.48,-115.95,68.56,10.65
nioro,0,GM,2020-10-24 00:23:11,78,13.35,-15.75,78.73,5.5
fortuna,1,US,2020-10-24 00:18:11,47,40.6,-124.16,62.01,16.11
cidreira,100,BR,2020-10-24 00:23:11,93,-30.18,-50.21,67.77,14.25
gat,0,IL,2020-10-24 00:23:12,83,31.61,34.76,69.8,4.7
kyabram,100,AU,2020-10-24 00:23:12,88,-36.32,145.05,59.0,1.99
albany,52,US,2020-10-24 00:23:12,80,42.6,-73.97,66.99,7.14
fort-shevchenko,17,KZ,2020-10-24 00:23:12,83,44.51,50.26,58.51,13.04
kapaa,90,US,2020-10-24 00:23:12,78,22.08,-159.32,81.0,12.75
charlestown,100,AU,2020-10-24 00:23:13,85,-32.95,151.67,75.0,4.0
longyearbyen,75,SJ,2020-10-24 00:23:13,79,78.22,15.64,21.2,4.7
arraial do cabo,0,BR,2020-10-24 00:19:49,73,-22.97,-42.03,73.4,11.41
petropavl,90,KZ,2020-10-24 00:23:14,79,54.88,69.16,23.0,6.71
selkirk,75,CA,2020-10-24 00:18:54,79,50.14,-96.88,28.99,5.82
port blair,88,IN,2020-10-24 00:23:14,83,11.67,92.75,80.94,5.26
esperance,90,AU,2020-10-24 00:18:39,93,-33.87,121.9,55.4,6.93
pangnirtung,100,CA,2020-10-24 00:23:15,95,66.15,-65.71,26.64,2.86
mar del plata,75,AR,2020-10-24 00:19:15,93,-38.0,-57.56,59.0,3.36
riyadh,0,SA,2020-10-24 00:21:05,21,24.69,46.72,62.6,6.93
narsaq,97,GL,2020-10-24 00:18:29,79,60.92,-46.05,26.6,2.24
biak,26,ID,2020-10-24 00:23:15,73,-0.91,122.88,82.29,2.89
saint-paul,75,RE,2020-10-24 00:23:16,64,-21.01,55.27,71.6,4.7
saint-georges,75,GD,2020-10-24 00:23:16,88,12.06,-61.75,80.6,23.04
srednekolymsk,0,RU,2020-10-24 00:23:16,92,67.45,153.68,19.58,3.53
jamestown,1,US,2020-10-24 00:23:17,56,42.1,-79.24,70.0,9.17
hithadhoo,53,MV,2020-10-24 00:23:17,79,-0.6,73.08,82.11,11.81
mecca,0,SA,2020-10-24 00:23:17,20,21.43,39.83,78.64,5.26
chokurdakh,98,RU,2020-10-24 00:23:17,91,70.63,147.92,9.75,7.0
victoria,100,HK,2020-10-24 00:23:17,47,22.29,114.16,73.99,1.99
leningradskiy,0,RU,2020-10-24 00:23:17,91,69.38,178.42,23.4,3.33
anton lizardo,20,MX,2020-10-24 00:23:18,83,19.05,-95.98,80.6,5.82
hai duong,0,VN,2020-10-24 00:23:18,60,20.93,106.32,69.8,3.36
kharan,0,PK,2020-10-24 00:23:18,39,28.58,65.42,54.0,4.05
luderitz,0,NA,2020-10-24 00:23:18,82,-26.65,15.16,58.5,8.7
porteirinha,6,BR,2020-10-24 00:23:18,78,-15.74,-43.03,70.12,9.84
nowy targ,20,PL,2020-10-24 00:23:19,93,49.48,20.03,46.0,2.24
punta arenas,75,CL,2020-10-24 00:23:19,75,-53.15,-70.92,44.6,5.82
ginir,55,ET,2020-10-24 00:23:19,78,7.13,40.7,57.67,5.19
chengam,99,IN,2020-10-24 00:23:20,86,12.3,78.8,71.74,6.46
sidi ali,100,DZ,2020-10-24 00:23:20,82,36.1,0.42,62.78,5.93
isangel,90,VU,2020-10-24 00:23:20,78,-19.55,169.27,80.6,5.82
lagos,20,NG,2020-10-24 00:19:42,88,6.58,3.75,80.6,3.36
keetmanshoop,71,NA,2020-10-24 00:23:21,34,-26.58,18.13,71.04,6.44
bethel,98,US,2020-10-24 00:23:21,97,41.37,-73.41,61.0,3.96
asau,51,RO,2020-10-24 00:23:21,79,46.43,26.4,48.0,6.06
port elizabeth,75,ZA,2020-10-24 00:23:22,94,-33.92,25.57,68.0,20.8
atuona,26,PF,2020-10-24 00:23:22,74,-9.8,-139.03,78.42,19.08
sao joao da barra,100,BR,2020-10-24 00:22:51,79,-21.64,-41.05,73.08,13.42
saldanha,1,ZA,2020-10-24 00:23:22,82,-33.01,17.94,60.8,3.36
east london,76,ZA,2020-10-24 00:23:22,75,-33.02,27.91,70.34,8.72
loandjili,87,CG,2020-10-24 00:23:23,83,-4.76,11.86,77.02,9.44
bulawayo,0,ZW,2020-10-24 00:23:23,59,-20.15,28.58,64.27,5.59
yellowknife,20,CA,2020-10-24 00:23:23,67,62.46,-114.35,24.01,4.7
micheweni,57,TZ,2020-10-24 00:23:23,81,-4.97,39.83,78.6,9.31
papayal,99,PE,2020-10-24 00:23:23,70,-4.08,-80.74,72.36,2.91
hamilton,75,US,2020-10-24 00:19:43,82,39.18,-84.53,70.0,9.17
labuhan,9,ID,2020-10-24 00:23:24,76,-6.88,112.21,81.39,6.62
anadyr,40,RU,2020-10-24 00:23:24,100,64.75,177.48,24.8,2.24
ulladulla,96,AU,2020-10-24 00:23:24,61,-35.35,150.47,77.0,6.93
hilo,20,US,2020-10-24 00:23:24,55,19.73,-155.09,87.8,12.75
dikson,100,RU,2020-10-24 00:23:25,93,73.51,80.55,23.59,14.38
norman wells,75,CA,2020-10-24 00:23:25,100,65.28,-126.83,28.4,2.24
clearlake,0,US,2020-10-24 00:23:25,40,38.96,-122.63,73.99,1.01
qaanaaq,91,GL,2020-10-24 00:23:25,92,77.48,-69.36,18.84,7.07
garnic,0,RO,2020-10-24 00:23:25,93,44.79,21.79,42.8,1.12
tarata,20,BO,2020-10-24 00:23:26,40,-17.62,-66.02,69.8,3.36
streator,90,US,2020-10-24 00:23:26,87,41.12,-88.84,44.01,9.17
alyangula,88,AU,2020-10-24 00:23:26,66,-13.85,136.42,87.8,12.75
richards bay,35,ZA,2020-10-24 00:23:26,87,-28.78,32.04,67.93,11.16
hauterive,75,FR,2020-10-24 00:23:27,81,46.09,3.45,53.6,3.36
muncar,52,ID,2020-10-24 00:23:27,79,-8.43,114.33,80.17,2.73
krasnorechenskiy,100,RU,2020-10-24 00:23:27,91,44.63,135.35,27.64,18.86
gap,67,FR,2020-10-24 00:23:28,89,44.67,6.0,43.0,3.53
provideniya,99,RU,2020-10-24 00:23:28,88,64.38,-173.3,34.43,11.56
grand gaube,40,MU,2020-10-24 00:23:28,73,-20.01,57.66,73.4,9.17
gisborne,29,NZ,2020-10-24 00:23:28,61,-38.65,178.0,72.0,4.0
tilichiki,0,RU,2020-10-24 00:23:29,86,60.47,166.1,34.83,5.88
katsuura,75,JP,2020-10-24 00:23:29,48,35.13,140.3,68.0,14.99
tombouctou,29,ML,2020-10-24 00:23:29,12,20.0,-3.0,89.56,5.95
port hedland,0,AU,2020-10-24 00:23:29,61,-20.32,118.57,82.4,13.87
nago,90,JP,2020-10-24 00:23:30,60,26.59,127.98,71.6,10.29
centenario do sul,76,BR,2020-10-24 00:23:30,86,-22.82,-51.6,71.47,13.31
bontang,98,ID,2020-10-24 00:23:30,86,0.13,117.5,78.98,7.72
long beach,90,US,2020-10-24 00:20:22,64,33.77,-118.19,70.0,8.05
west hartford,90,US,2020-10-24 00:23:31,82,41.76,-72.74,62.6,6.93
el alto,92,PE,2020-10-24 00:23:31,91,-4.27,-81.21,62.02,14.61
kasongo-lunda,94,CD,2020-10-24 00:23:31,90,-6.47,16.82,71.35,0.25
oum hadjer,30,TD,2020-10-24 00:23:31,16,13.3,19.7,82.94,12.68
chandbali,67,IN,2020-10-24 00:23:31,85,20.78,86.77,75.16,3.04
cherskiy,13,RU,2020-10-24 00:23:32,95,68.75,161.3,18.46,3.83
san patricio,20,US,2020-10-24 00:23:32,74,28.02,-97.52,82.4,10.29
nikolskoye,75,RU,2020-10-24 00:23:32,73,59.7,30.79,37.4,8.95
faya,0,SA,2020-10-24 00:23:32,26,18.39,42.45,57.2,4.94
timmins,90,CA,2020-10-24 00:22:05,92,48.47,-81.33,30.2,17.22
medea,75,DZ,2020-10-24 00:23:32,88,36.26,2.75,64.4,1.54
ponta do sol,40,PT,2020-10-24 00:23:33,63,32.67,-17.1,66.2,4.7
namibe,90,AO,2020-10-24 00:23:33,82,-15.2,12.15,69.58,6.31
billings,90,US,2020-10-24 00:20:33,79,45.78,-108.5,25.0,9.17
nayoro,75,JP,2020-10-24 00:23:34,70,44.35,142.46,46.4,9.17
barpathar,100,IN,2020-10-24 00:23:34,95,26.3,93.87,70.92,5.66
ugoofaaru,87,MV,2020-10-24 00:18:50,80,5.67,73.0,81.27,12.97
olafsvik,87,IS,2020-10-24 00:23:35,77,64.89,-23.71,43.59,17.16
hermanus,35,ZA,2020-10-24 00:23:35,91,-34.42,19.23,63.0,1.01
saskylakh,100,RU,2020-10-24 00:23:35,97,71.92,114.08,17.33,3.76
codrington,67,AU,2020-10-24 00:23:35,71,-38.27,141.97,53.71,19.84
kaspiyskiy,19,RU,2020-10-24 00:23:35,67,45.39,47.37,56.1,8.57
mersing,20,MY,2020-10-24 00:23:36,94,2.43,103.84,77.0,5.82
homer,90,US,2020-10-24 00:23:36,70,59.64,-151.55,45.0,4.7
kavieng,35,PG,2020-10-24 00:23:36,62,-2.57,150.8,84.85,4.07
san luis,96,AR,2020-10-24 00:23:36,64,-33.3,-66.34,71.1,14.58
umm lajj,0,SA,2020-10-24 00:23:36,33,25.02,37.27,83.44,7.52
ancud,90,CL,2020-10-24 00:23:37,93,-41.87,-73.82,51.01,8.05
kokkola,0,FI,2020-10-24 00:23:37,100,63.84,23.13,39.0,8.05
sao desiderio,100,BR,2020-10-24 00:23:37,84,-12.36,-44.97,72.86,4.63
evensk,45,RU,2020-10-24 00:23:37,90,61.95,159.23,33.06,4.23
port macquarie,90,AU,2020-10-24 00:23:38,94,-31.43,152.92,69.8,6.93
tankhoy,42,RU,2020-10-24 00:23:38,74,51.55,105.13,38.93,3.36
kyaukse,40,MM,2020-10-24 00:23:38,94,21.6,96.13,75.2,6.93
vardo,100,NO,2020-10-24 00:23:38,96,70.37,31.11,37.4,24.7
jalu,10,LY,2020-10-24 00:23:38,77,29.03,21.55,65.12,13.44
camacha,20,PT,2020-10-24 00:23:38,68,33.08,-16.33,66.2,4.7
kuryk,0,KZ,2020-10-24 00:23:39,53,43.2,51.65,53.44,8.32
kamaishi,75,JP,2020-10-24 00:23:39,81,39.27,141.88,51.8,3.36
kembe,59,CF,2020-10-24 00:23:39,96,4.62,21.89,70.79,1.14
mariana,84,BR,2020-10-24 00:23:39,85,-20.38,-43.42,64.8,3.53
tommot,45,RU,2020-10-24 00:23:40,91,58.96,126.29,20.39,0.81
kabanjahe,40,ID,2020-10-24 00:20:34,100,3.1,98.49,77.0,2.26
quijingue,22,BR,2020-10-24 00:23:40,71,-10.75,-39.21,73.76,11.86
artyom,20,AZ,2020-10-24 00:23:40,93,40.47,50.33,51.8,6.93
beringovskiy,100,RU,2020-10-24 00:23:40,91,63.05,179.32,33.64,22.32
brae,48,GB,2020-10-24 00:23:41,81,60.4,-1.35,48.2,12.75
warangal,24,IN,2020-10-24 00:23:41,75,18.0,79.58,71.82,3.8
fort worth,90,US,2020-10-24 00:21:59,71,32.73,-97.32,54.0,13.87
naze,75,JP,2020-10-24 00:18:48,56,28.37,129.48,71.6,8.05
mazara del vallo,75,IT,2020-10-24 00:23:42,88,37.66,12.59,68.0,10.29
waipawa,2,NZ,2020-10-24 00:23:42,68,-41.41,175.52,66.0,21.92
vao,4,NC,2020-10-24 00:23:42,86,-22.67,167.48,73.92,15.88
hasaki,75,JP,2020-10-24 00:18:49,82,35.73,140.83,61.0,4.7
alofi,75,NU,2020-10-24 00:23:43,94,-19.06,-169.92,77.0,14.99
beyneu,38,KZ,2020-10-24 00:23:43,68,45.32,55.2,40.01,11.74
jiujiang,78,CN,2020-10-24 00:22:55,46,29.73,115.98,59.2,9.35
cabrero,32,CL,2020-10-24 00:23:43,62,-37.03,-72.4,57.2,9.17
aberdeen,36,GB,2020-10-24 00:23:44,93,57.14,-2.1,42.01,11.41
severo-kurilsk,100,RU,2020-10-24 00:23:44,84,50.68,156.12,43.5,32.99
bolgatanga,0,GH,2020-10-24 00:23:44,41,10.79,-0.85,78.73,1.43
kenai,90,US,2020-10-24 00:23:44,60,60.55,-151.26,41.0,16.11
bukal,100,PH,2020-10-24 00:23:44,85,13.91,121.54,79.41,2.19
mitsamiouli,1,KM,2020-10-24 00:23:45,75,-11.38,43.28,79.0,7.45
khatanga,100,RU,2020-10-24 00:23:45,97,71.97,102.5,13.82,10.38
jarwal,0,IN,2020-10-24 00:23:45,33,27.17,81.55,69.03,4.0
makakilo city,40,US,2020-10-24 00:21:11,83,21.35,-158.09,82.0,13.87
trincomalee,54,LK,2020-10-24 00:23:45,78,8.57,81.23,80.06,15.99
aranda de duero,3,ES,2020-10-24 00:20:27,84,41.67,-3.69,45.45,6.58
tazmalt,75,DZ,2020-10-24 00:23:46,82,36.39,4.4,66.2,2.24
castro,40,BR,2020-10-24 00:23:35,96,-24.79,-50.01,62.37,8.81
vadlapudi,23,IN,2020-10-24 00:23:46,78,14.32,79.8,79.0,4.79
mae sai,100,TH,2020-10-24 00:23:46,100,20.43,99.88,64.99,2.24
porosozero,64,RU,2020-10-24 00:20:08,97,62.72,32.73,27.03,7.58
russell,1,US,2020-10-24 00:23:47,88,32.35,-85.2,75.2,3.13
juba,83,SS,2020-10-24 00:23:47,87,4.85,31.58,71.74,3.0
kichera,42,RU,2020-10-24 00:23:47,80,55.94,110.1,34.7,2.82
riachao das neves,88,BR,2020-10-24 00:23:47,75,-11.75,-44.91,74.77,3.44
port-cartier,90,CA,2020-10-24 00:23:47,93,50.03,-66.87,35.6,14.99
khorixas,45,NA,2020-10-24 00:23:47,79,-20.37,14.97,60.06,1.45
yumen,0,CN,2020-10-24 00:23:48,76,40.28,97.2,32.4,4.83
le vauclin,75,MQ,2020-10-24 00:23:48,78,14.55,-60.84,82.4,10.29
amga,18,RU,2020-10-24 00:23:48,91,60.9,131.96,11.91,3.49
koshurnikovo,98,RU,2020-10-24 00:23:48,99,54.17,93.3,31.62,1.99
montorio al vomano,100,IT,2020-10-24 00:23:49,39,42.58,13.64,57.0,4.0
aklavik,20,CA,2020-10-24 00:23:49,79,68.22,-135.01,28.4,4.7
nishihara,75,JP,2020-10-24 00:23:50,46,26.18,127.76,73.4,11.41
marawi,94,PH,2020-10-24 00:23:50,90,8.0,124.29,78.01,4.0
zabol,0,AF,2020-10-24 00:23:50,81,32.25,67.25,35.01,2.06
lompoc,1,US,2020-10-24 00:19:09,72,34.64,-120.46,64.4,9.17
torbay,75,CA,2020-10-24 00:23:40,86,47.67,-52.73,39.2,3.78
verkhniy lomov,100,RU,2020-10-24 00:23:51,90,53.47,43.55,53.22,14.81
kuytun,98,RU,2020-10-24 00:23:51,92,54.34,101.5,35.67,5.5
honningsvag,100,NO,2020-10-24 00:23:51,94,70.98,25.97,38.95,29.01
sarangani,100,PH,2020-10-24 00:23:52,73,5.4,125.46,84.25,8.39
cabo san lucas,5,MX,2020-10-24 00:23:52,58,22.89,-109.91,87.01,10.29
guymon,1,US,2020-10-24 00:23:52,52,36.68,-101.48,41.0,10.29
carutapera,97,BR,2020-10-24 00:23:52,82,-1.2,-46.02,77.85,7.36
skibbereen,75,IE,2020-10-24 00:23:52,93,51.55,-9.27,51.8,28.86
lake charles,40,US,2020-10-24 00:22:42,94,30.21,-93.2,72.0,8.05
chulym,100,RU,2020-10-24 00:23:53,93,55.1,80.96,29.39,10.71
rio grande,100,BR,2020-10-24 00:19:10,94,-32.03,-52.1,64.0,9.44
kalmunai,38,LK,2020-10-24 00:23:53,81,7.42,81.82,77.43,5.53
saint anthony,90,US,2020-10-24 00:23:54,69,45.02,-93.22,34.0,9.17
bathsheba,40,BB,2020-10-24 00:23:54,70,13.22,-59.52,84.2,26.4
iquique,90,CL,2020-10-24 00:23:33,77,-20.22,-70.14,62.6,16.11
tucuman,75,AR,2020-10-24 00:22:18,73,-26.82,-65.22,75.2,3.36
cedartown,6,US,2020-10-24 00:21:44,81,34.05,-85.25,72.0,3.53
manica,75,FR,2020-10-24 00:23:54,100,49.0,-1.17,53.6,10.29
nadym,35,RU,2020-10-24 00:23:55,93,65.53,72.52,11.97,9.8
halifax,39,CA,2020-10-24 00:22:40,88,44.65,-63.57,52.0,3.0
geraldton,0,AU,2020-10-24 00:23:55,33,-28.77,114.6,71.6,8.05
trat,99,TH,2020-10-24 00:23:55,83,12.5,102.5,71.6,6.69
balyaga,0,RU,2020-10-24 00:23:56,94,51.15,108.92,29.07,0.07
luanda,75,AO,2020-10-24 00:22:28,78,-8.84,13.23,77.0,8.05
lubaczow,100,PL,2020-10-24 00:23:56,93,50.16,23.12,50.0,5.88
banepa,20,NP,2020-10-24 00:23:56,100,27.63,85.52,57.2,3.36
ribeira grande,60,PT,2020-10-24 00:23:56,79,38.52,-28.7,66.65,20.42
havelock,90,US,2020-10-24 00:23:57,83,34.88,-76.9,71.01,3.36
shebalino,100,RU,2020-10-24 00:23:57,90,51.29,85.68,32.77,5.46
nome,90,US,2020-10-24 00:23:57,86,64.5,-165.41,33.8,11.41
cayenne,0,GF,2020-10-24 00:23:58,100,4.93,-52.33,77.0,8.77
ashtabula,90,US,2020-10-24 00:23:58,73,41.7,-80.77,71.6,11.41
ucluelet,90,CA,2020-10-24 00:22:42,76,48.93,-125.55,50.0,6.93
kulevcha,0,UA,2020-10-24 00:23:59,57,46.03,29.94,55.17,4.63
aberystwyth,87,GB,2020-10-24 00:23:59,91,52.42,-4.08,42.01,16.02
vila franca do campo,40,PT,2020-10-24 00:23:59,77,37.72,-25.43,66.2,17.22
kondinskoye,0,RU,2020-10-24 00:23:59,97,59.65,67.41,19.31,5.48
catuday,100,PH,2020-10-24 00:23:59,81,16.29,119.81,79.45,4.61
kulhudhuffushi,11,MV,2020-10-24 00:23:59,78,6.62,73.07,81.32,11.52
siddipet,56,IN,2020-10-24 00:20:31,68,18.1,78.85,71.49,1.7
khargone,0,IN,2020-10-24 00:24:00,47,21.82,75.6,73.51,3.98
turbat,0,PK,2020-10-24 00:24:00,18,26.0,63.04,73.94,40.06
san angelo,90,US,2020-10-24 00:22:02,66,31.46,-100.44,48.2,14.99
hokitika,0,NZ,2020-10-24 00:24:01,59,-42.72,170.97,60.13,3.85
orlik,91,RU,2020-10-24 00:21:08,82,52.52,99.83,27.43,1.19
yulara,0,AU,2020-10-24 00:20:20,55,-25.24,130.99,64.4,14.99
manokwari,90,ID,2020-10-24 00:24:01,68,-0.87,134.08,84.22,12.59
thompson,75,CA,2020-10-24 00:24:01,62,55.74,-97.86,23.0,6.93
chodavaram,40,IN,2020-10-24 00:24:02,100,17.83,82.95,80.6,2.24
nemuro,20,JP,2020-10-24 00:24:02,71,43.32,145.57,57.2,10.29
chapais,90,CA,2020-10-24 00:24:02,100,49.78,-74.85,33.8,11.41
dossor,99,KZ,2020-10-24 00:24:02,55,47.53,52.98,49.17,20.11
praia,40,CV,2020-10-24 00:24:02,78,14.92,-23.51,78.8,17.22
charters towers,100,AU,2020-10-24 00:19:24,83,-20.1,146.27,69.35,16.28
koslan,100,RU,2020-10-24 00:24:03,97,63.46,48.9,25.74,11.14
skorodnoye,0,RU,2020-10-24 00:24:03,76,51.07,37.23,53.6,8.95
puerto escondido,75,MX,2020-10-24 00:24:03,66,15.85,-97.07,84.2,8.05
dawlatabad,0,AF,2020-10-24 00:24:04,71,36.41,64.91,39.92,2.73
kurumkan,8,RU,2020-10-24 00:24:04,86,54.3,110.3,31.84,1.14
tessalit,0,ML,2020-10-24 00:24:04,16,20.2,1.01,82.83,11.21
guerrero negro,19,MX,2020-10-24 00:24:04,70,27.98,-114.06,70.2,14.99
kununurra,50,AU,2020-10-24 00:24:05,62,-15.77,128.73,89.6,5.82
woodward,1,US,2020-10-24 00:24:05,52,36.43,-99.39,44.01,10.29
poya,1,NC,2020-10-24 00:24:05,56,-21.35,165.15,84.02,2.62
fengzhen,0,CN,2020-10-24 00:24:05,65,40.44,113.15,37.45,1.92
nanzhang,88,CN,2020-10-24 00:24:06,63,31.78,111.84,57.87,0.36
liberia,100,LR,2020-10-24 00:24:06,97,6.5,-9.5,71.71,1.5
santa rita,20,BR,2020-10-24 00:24:06,88,-7.11,-34.98,77.0,8.05
san cristobal,40,VE,2020-10-24 00:24:07,66,7.77,-72.22,86.0,6.93
pacifica,1,US,2020-10-24 00:24:07,72,37.61,-122.49,62.6,6.93
casimiro castillo,40,MX,2020-10-24 00:24:07,79,19.6,-104.43,86.0,11.41
kudahuvadhoo,1,MV,2020-10-24 00:19:12,79,2.67,72.89,82.09,11.92
ossora,0,RU,2020-10-24 00:24:08,64,59.24,163.07,41.92,1.36
najran,0,SA,2020-10-24 00:24:08,27,17.49,44.13,62.6,2.28
omboue,100,GA,2020-10-24 00:24:08,90,-1.57,9.26,76.12,6.51
touros,75,BR,2020-10-24 00:24:08,94,-5.2,-35.46,77.0,10.29
mouila,100,GA,2020-10-24 00:24:08,95,-1.87,11.06,73.83,1.23
elbistan,0,TR,2020-10-24 00:24:08,60,38.21,37.2,47.79,1.03
bull savanna,100,JM,2020-10-24 00:24:09,92,17.89,-77.59,74.59,11.05
akureyri,90,IS,2020-10-24 00:24:09,80,65.68,-18.09,41.0,8.05
xinzhou,0,CN,2020-10-24 00:24:09,53,38.41,112.73,43.3,0.74
okhotsk,100,RU,2020-10-24 00:24:09,94,59.38,143.3,39.52,12.62
talnakh,40,RU,2020-10-24 00:24:09,83,69.49,88.4,-5.8,6.71
vacaria,100,BR,2020-10-24 00:24:10,71,-28.51,-50.93,68.0,6.35
katobu,11,ID,2020-10-24 00:24:10,61,-4.94,122.53,87.22,2.68
pachino,0,IT,2020-10-24 00:24:10,93,36.72,15.09,59.0,3.36
grafton,20,US,2020-10-24 00:24:10,87,42.21,-71.69,60.01,8.05
souillac,40,MU,2020-10-24 00:24:10,73,-20.52,57.52,73.4,9.17
bedesa,39,ET,2020-10-24 00:24:11,43,8.9,40.78,64.44,3.22
balakovo,98,RU,2020-10-24 00:24:11,92,52.03,47.8,51.33,11.39
mount isa,90,AU,2020-10-24 00:24:11,58,-20.73,139.5,82.4,10.29
bakuriani,2,GE,2020-10-24 00:24:11,52,41.75,43.53,47.34,5.12
san policarpo,96,PH,2020-10-24 00:24:11,81,12.18,125.51,80.76,5.19
iqaluit,75,CA,2020-10-24 00:19:13,79,63.75,-68.51,28.0,2.24
parangan,99,PH,2020-10-24 00:24:12,76,5.08,119.94,82.67,3.96
saint george,1,US,2020-10-24 00:24:12,17,37.1,-113.58,73.99,4.41
vila velha,90,BR,2020-10-24 00:24:12,94,-20.33,-40.29,69.8,3.36
wajima,40,JP,2020-10-24 00:24:13,87,37.4,136.9,53.6,8.05
aljezur,0,PT,2020-10-24 00:24:13,81,37.32,-8.8,57.29,4.83
ponta delgada,40,PT,2020-10-24 00:24:13,77,37.73,-25.67,66.2,17.22
rosarito,75,MX,2020-10-24 00:24:14,68,32.33,-117.03,71.6,13.87
dingle,100,PH,2020-10-24 00:24:14,91,11.0,122.67,76.17,11.43
nerchinskiy zavod,0,RU,2020-10-24 00:24:14,90,51.31,119.61,29.34,1.14
walvis bay,95,NA,2020-10-24 00:24:14,87,-22.96,14.51,60.01,2.24
mantes-la-ville,11,FR,2020-10-24 00:24:14,97,48.97,1.7,53.01,5.01
bambous virieux,40,MU,2020-10-24 00:24:15,73,-20.34,57.76,73.4,9.17
faanui,45,PF,2020-10-24 00:24:15,72,-16.48,-151.75,79.03,9.71
lufilufi,40,WS,2020-10-24 00:24:15,70,-13.87,-171.6,87.8,3.36
sterling,20,US,2020-10-24 00:20:23,77,39.01,-77.43,69.01,10.29
tambopata,28,PE,2020-10-24 00:24:15,52,-12.73,-69.18,81.97,0.63
san ramon,1,US,2020-10-24 00:23:06,40,37.78,-121.98,73.0,10.29
serenje,51,ZM,2020-10-24 00:24:16,45,-13.23,30.24,65.37,9.35
merke,37,KZ,2020-10-24 00:24:16,82,42.87,73.18,34.43,1.48
mayumba,100,GA,2020-10-24 00:24:16,86,-3.43,10.66,76.8,7.38
belyy yar,40,RU,2020-10-24 00:24:16,79,53.6,91.39,33.8,4.47
avera,1,US,2020-10-24 00:24:16,94,33.19,-82.53,71.6,4.7
portland,90,US,2020-10-24 00:22:48,62,45.52,-122.68,55.0,9.17
pontal do parana,75,BR,2020-10-24 00:24:17,100,-25.65,-48.51,60.8,6.93
pedernales,99,DO,2020-10-24 00:24:17,71,18.04,-71.74,82.0,6.13
santo angelo,94,BR,2020-10-24 00:24:17,70,-28.3,-54.26,73.0,3.85
kutahya,0,TR,2020-10-24 00:24:17,93,39.42,29.98,46.4,1.12
margate,50,GB,2020-10-24 00:24:17,66,51.38,1.39,51.01,11.72
zachary,40,US,2020-10-24 00:24:18,94,30.65,-91.16,75.0,4.94
ahipara,44,NZ,2020-10-24 00:24:18,66,-35.17,173.17,69.26,7.18
nador,0,MA,2020-10-24 00:24:18,63,35.17,-2.93,66.2,5.82
mehamn,100,NO,2020-10-24 00:24:19,93,71.04,27.85,37.56,28.66
sunrise manor,75,US,2020-10-24 00:23:36,15,36.21,-115.07,78.8,5.82
wum,97,CM,2020-10-24 00:24:20,96,6.38,10.07,64.06,2.93
kayerkan,40,RU,2020-10-24 00:24:20,83,69.35,87.76,-5.8,6.71
baykit,100,RU,2020-10-24 00:24:20,96,61.67,96.37,28.17,0.96
madang,41,PG,2020-10-24 00:24:20,62,-5.22,145.8,86.81,1.07
darhan,97,MN,2020-10-24 00:24:21,81,49.49,105.92,34.86,1.34
mount gambier,75,AU,2020-10-24 00:24:21,47,-37.83,140.77,57.2,21.92
tiksi,90,RU,2020-10-24 00:24:21,94,71.69,128.87,22.5,15.77
jerusalem,0,IL,2020-10-24 00:21:06,83,31.77,35.22,69.8,4.7
rocha,70,UY,2020-10-24 00:24:22,98,-34.48,-54.33,59.77,4.34
mbandaka,72,CD,2020-10-24 00:24:22,89,0.05,18.26,73.09,2.86
ithaca,1,US,2020-10-24 00:19:36,72,42.44,-76.5,68.0,10.29
gympie,100,AU,2020-10-24 00:22:08,79,-26.19,152.66,73.0,1.01
padang,100,ID,2020-10-24 00:24:22,74,-0.95,100.35,79.79,3.67
peachland,90,CA,2020-10-24 00:24:23,100,49.77,-119.74,34.0,12.75
korla,29,CN,2020-10-24 00:24:23,94,41.76,86.15,43.0,7.0
moussoro,100,TD,2020-10-24 00:24:23,18,13.64,16.49,85.39,13.98
capinzal,99,BR,2020-10-24 00:24:23,61,-27.34,-51.61,73.13,8.08
westport,90,US,2020-10-24 00:24:24,93,41.14,-73.36,63.0,9.17
lar,11,IN,2020-10-24 00:24:24,71,26.2,83.97,73.08,1.61
marion,90,US,2020-10-24 00:21:01,87,39.77,-86.16,50.0,17.22
tolaga bay,30,NZ,2020-10-24 00:24:24,61,-38.37,178.3,67.03,10.0
herat,0,AF,2020-10-24 00:24:25,64,34.5,62.0,40.8,11.1
yunyang,80,CN,2020-10-24 00:24:25,45,33.45,112.71,53.83,3.04
itarema,17,BR,2020-10-24 00:24:25,79,-2.92,-39.92,79.65,15.93
lata,15,PT,2020-10-24 00:24:25,87,40.16,-8.33,55.99,1.88
chunoyar,73,RU,2020-10-24 00:24:25,95,57.45,97.32,32.7,3.96
thinadhoo,73,MV,2020-10-24 00:24:26,74,0.53,72.93,83.48,14.36
lavrentiya,100,RU,2020-10-24 00:24:26,84,65.58,-171.0,34.97,1.28
vigia del fuerte,100,CO,2020-10-24 00:24:26,95,6.58,-76.89,75.2,0.58
ostrovnoy,100,RU,2020-10-24 00:24:26,97,68.05,39.51,29.28,7.58
fez,75,MA,2020-10-24 00:24:27,93,34.04,-5.0,55.4,5.82
nouadhibou,54,MR,2020-10-24 00:24:27,64,20.93,-17.03,75.2,14.99
williams lake,90,CA,2020-10-24 00:20:01,85,52.14,-122.14,21.2,23.04
elizabeth city,1,US,2020-10-24 00:24:28,88,36.29,-76.25,68.0,4.7
araouane,17,ML,2020-10-24 00:24:28,12,18.9,-3.53,87.51,2.84
keflavik,75,IS,2020-10-24 00:24:28,93,64.0,-22.56,41.0,6.93
tari,18,NG,2020-10-24 00:24:28,19,12.41,4.49,79.27,6.35
gardanne,75,FR,2020-10-24 00:24:29,100,43.45,5.47,60.01,10.29
sorland,62,NO,2020-10-24 00:24:29,71,67.67,12.69,43.65,16.51
constitucion,0,CL,2020-10-24 00:22:31,80,-35.33,-72.42,51.01,11.07
berlevag,100,NO,2020-10-24 00:24:29,93,70.86,29.09,37.78,28.1
na wa,0,TH,2020-10-24 00:24:30,93,17.49,104.1,66.2,2.24
teo,75,ES,2020-10-24 00:24:30,87,42.75,-8.5,61.0,11.41
harper,100,LR,2020-10-24 00:24:30,89,4.38,-7.72,77.16,6.4
majene,18,ID,2020-10-24 00:24:30,74,-3.54,118.97,82.71,3.69
kedrovyy,40,RU,2020-10-24 00:24:30,93,56.17,91.82,32.0,4.47
bloomingdale,90,US,2020-10-24 00:24:31,74,27.89,-82.24,80.6,4.7
clyde river,90,CA,2020-10-24 00:24:31,85,70.47,-68.59,21.2,5.82
banjar,40,ID,2020-10-24 00:24:31,100,-8.19,114.97,84.2,6.93
kailua,40,US,2020-10-24 00:19:38,78,21.4,-157.74,82.4,4.7
shetpe,4,KZ,2020-10-24 00:24:31,53,44.17,52.12,46.65,10.58
salta,40,AR,2020-10-24 00:24:31,54,-24.79,-65.41,78.8,6.93
hami,0,CN,2020-10-24 00:24:32,47,42.8,93.45,45.36,6.38
plettenberg bay,36,ZA,2020-10-24 00:24:32,87,-34.05,23.37,64.42,7.85
puerto madryn,100,AR,2020-10-24 00:24:32,47,-42.77,-65.04,70.23,27.29
buraydah,0,SA,2020-10-24 00:24:32,33,26.33,43.98,62.6,5.82
coos bay,90,US,2020-10-24 00:24:33,87,43.37,-124.22,60.01,5.82
bayji,100,IQ,2020-10-24 00:24:33,22,34.93,43.49,71.85,9.13
cockburn town,94,TC,2020-10-24 00:24:33,79,21.46,-71.14,82.92,15.86
bonfim,53,BR,2020-10-24 00:24:33,65,3.08,-59.95,81.99,2.08
hambantota,20,LK,2020-10-24 00:24:33,100,6.12,81.12,75.2,6.93
jian,23,CN,2020-10-24 00:24:33,69,27.12,114.98,56.25,5.84
straseni,80,MD,2020-10-24 00:24:34,100,47.14,28.61,44.6,2.24
santiago del estero,42,AR,2020-10-24 00:21:22,70,-27.8,-64.26,77.18,10.87
marrakesh,40,MA,2020-10-24 00:24:11,72,31.63,-8.01,60.8,4.7
adrar,62,MR,2020-10-24 00:24:34,14,20.5,-10.07,87.03,6.53
polson,100,US,2020-10-24 00:24:34,42,47.69,-114.16,28.0,1.12
datong,0,CN,2020-10-24 00:24:35,57,40.09,113.29,40.59,1.43
caravelas,90,BR,2020-10-24 00:24:35,90,-17.71,-39.25,72.99,7.05
teahupoo,75,PF,2020-10-24 00:24:35,70,-17.83,-149.27,84.2,11.41
grindavik,75,IS,2020-10-24 00:24:36,93,63.84,-22.43,39.2,6.93
roma,1,US,2020-10-24 00:24:36,64,43.21,-75.46,69.8,8.05
nenjiang,0,CN,2020-10-24 00:24:36,80,49.18,125.22,33.44,10.74
porlamar,21,VE,2020-10-24 00:24:36,63,10.96,-63.85,91.4,16.11
sola,75,VU,2020-10-24 00:24:37,74,-13.88,167.55,87.8,5.82
salalah,0,OM,2020-10-24 00:20:00,37,17.02,54.09,71.6,4.7
constantine,40,DZ,2020-10-24 00:24:37,77,36.37,6.61,60.8,5.82
rio verde de mato grosso,100,BR,2020-10-24 00:24:37,81,-18.92,-54.84,73.53,4.81
sosnytsya,100,UA,2020-10-24 00:24:38,88,51.52,32.5,51.44,6.31
neiafu,75,TO,2020-10-24 00:21:44,74,-18.65,-173.98,80.6,11.41
werda,42,BW,2020-10-24 00:24:38,23,-25.27,23.28,79.88,4.74
toora-khem,94,RU,2020-10-24 00:24:38,97,52.47,96.11,31.66,1.92
el angel,100,EC,2020-10-24 00:24:39,100,0.62,-77.93,44.69,4.12
chinhoyi,0,ZW,2020-10-24 00:24:39,49,-17.37,30.2,67.55,5.39
gananoque,5,CA,2020-10-24 00:24:39,69,44.33,-76.17,72.0,10.0
kastamonu,0,TR,2020-10-24 00:24:39,51,41.5,33.67,54.05,0.67
gandorhun,97,SL,2020-10-24 00:24:39,95,7.5,-11.83,74.75,1.63
bilibino,44,RU,2020-10-24 00:24:40,89,68.05,166.44,18.77,0.65
rennes,90,FR,2020-10-24 00:24:40,100,48.17,-1.67,57.99,11.41
gizo,50,SB,2020-10-24 00:24:40,70,-8.1,156.84,84.09,3.06
la reforma,0,MX,2020-10-24 00:24:40,76,25.08,-108.05,90.0,5.01
gannan,0,CN,2020-10-24 00:24:40,71,47.91,123.5,37.33,10.13
nanortalik,97,GL,2020-10-24 00:24:41,89,60.14,-45.24,34.07,3.36
stromness,33,GB,2020-10-24 00:24:41,86,58.97,-3.3,41.0,9.17
antofagasta,90,CL,2020-10-24 00:22:10,87,-23.65,-70.4,57.2,11.41
resistencia,90,AR,2020-10-24 00:21:21,100,-27.46,-58.98,77.0,8.05
vung tau,100,VN,2020-10-24 00:24:42,83,10.35,107.08,79.12,2.71
laguna,1,US,2020-10-24 00:24:42,22,38.42,-121.42,78.01,6.93
baoding,0,CN,2020-10-24 00:24:42,45,38.85,115.49,47.05,4.47
choma,7,ZM,2020-10-24 00:24:42,31,-16.81,26.95,67.53,6.85
zhigansk,69,RU,2020-10-24 00:24:42,93,66.77,123.37,16.0,14.47
kattivakkam,75,IN,2020-10-24 00:24:43,88,13.22,80.32,77.0,9.17
piacabucu,6,BR,2020-10-24 00:24:43,84,-10.41,-36.43,76.86,8.46
vohibinany,43,MG,2020-10-24 00:24:43,90,-17.35,49.03,65.79,2.51
denpasar,40,ID,2020-10-24 00:24:43,100,-8.65,115.22,84.2,6.93
nouakchott,93,MR,2020-10-24 00:23:46,69,18.09,-15.98,78.8,11.41
axim,44,GH,2020-10-24 00:24:44,89,4.87,-2.24,77.23,4.99
nizhniy ingash,94,RU,2020-10-24 00:24:44,95,56.2,96.53,32.77,4.97
sahuaripa,0,MX,2020-10-24 00:24:44,28,29.05,-109.23,88.21,7.76
paita,75,PE,2020-10-24 00:24:44,86,-5.09,-81.11,62.42,12.48
sitka,1,US,2020-10-24 00:24:45,28,57.05,-135.33,42.8,8.05
sanlucar la mayor,0,ES,2020-10-24 00:24:45,87,37.39,-6.2,60.01,3.2
maceio,40,BR,2020-10-24 00:24:45,94,-9.67,-35.74,75.2,3.36
spirit river,90,CA,2020-10-24 00:24:45,66,55.78,-118.84,18.0,4.7
toronto,90,CA,2020-10-24 00:22:36,82,43.7,-79.42,68.0,20.8
chicama,84,PE,2020-10-24 00:24:46,79,-7.84,-79.15,63.5,5.23
moron,79,AR,2020-10-24 00:22:25,91,-34.65,-58.62,69.01,1.01
kysyl-syr,94,RU,2020-10-24 00:24:46,96,63.9,122.76,25.05,7.78
ust-omchug,100,RU,2020-10-24 00:24:46,96,61.15,149.63,31.84,2.44
correia pinto,92,BR,2020-10-24 00:24:46,86,-27.58,-50.36,61.95,7.29
rakai,85,UG,2020-10-24 00:24:46,91,-0.72,31.48,62.46,7.92
kisaran,100,ID,2020-10-24 00:24:47,94,2.98,99.62,75.07,2.48
vikulovo,61,RU,2020-10-24 00:24:47,92,56.82,70.61,23.4,6.98
wanning,100,CN,2020-10-24 00:24:47,66,18.8,110.4,72.18,16.31
katete,17,UG,2020-10-24 00:24:47,97,-0.78,29.75,59.95,2.21
bonthe,95,SL,2020-10-24 00:24:47,85,7.53,-12.51,78.73,3.22
chake chake,42,TZ,2020-10-24 00:24:48,82,-5.25,39.77,77.38,6.87
magadi,75,IN,2020-10-24 00:24:48,88,12.97,77.23,64.4,5.82
floro,100,NO,2020-10-24 00:24:48,75,61.6,5.03,42.8,16.11
antiguo morelos,2,MX,2020-10-24 00:24:48,67,22.55,-99.08,86.0,5.01
benavente,0,ES,2020-10-24 00:24:49,93,42.0,-5.68,51.01,3.36
zhezkazgan,0,KZ,2020-10-24 00:24:49,88,47.8,67.71,26.62,6.51
petropavlovsk-kamchatskiy,75,RU,2020-10-24 00:24:49,80,53.05,158.65,39.2,4.47
tual,44,ID,2020-10-24 00:24:49,78,-5.67,132.75,82.45,9.51
mandera,100,KE,2020-10-24 00:24:50,67,3.94,41.87,81.1,21.14
hualmay,90,PE,2020-10-24 00:20:24,81,-11.1,-77.61,62.65,3.8
xingyi,100,CN,2020-10-24 00:24:50,82,24.19,102.82,50.31,0.49
pulaski,90,US,2020-10-24 00:24:51,87,34.77,-92.3,55.4,14.99
alice springs,75,AU,2020-10-24 00:24:36,52,-23.7,133.88,69.8,11.41
fairbanks,1,US,2020-10-24 00:20:18,92,64.84,-147.72,27.0,3.65
vangaindrano,89,MG,2020-10-24 00:24:52,90,-23.35,47.6,71.17,4.9
garowe,30,SO,2020-10-24 00:24:52,67,8.41,48.48,77.5,7.45
buala,44,SB,2020-10-24 00:24:52,63,-8.14,159.59,86.72,5.84
peniche,19,PT,2020-10-24 00:24:52,90,39.36,-9.38,55.99,4.27
fernandopolis,90,BR,2020-10-24 00:24:52,86,-20.28,-50.25,73.02,9.31
altay,100,CN,2020-10-24 00:24:53,70,47.87,88.12,40.37,5.1
urusha,0,RU,2020-10-24 00:24:53,90,54.05,122.9,26.62,2.91
pimentel,94,PE,2020-10-24 00:24:53,86,-6.84,-79.93,62.49,10.67
half moon bay,1,US,2020-10-24 00:24:53,72,37.46,-122.43,68.0,6.93
santa rosa,40,PH,2020-10-24 00:24:54,88,14.31,121.11,82.4,3.36
cabras,100,IT,2020-10-24 00:23:33,94,39.93,8.53,61.0,3.0
kutno,100,PL,2020-10-24 00:24:54,94,52.23,19.36,55.0,1.01
inta,1,RU,2020-10-24 00:24:54,91,66.03,60.17,14.27,5.41
vestmannaeyjar,55,IS,2020-10-24 00:24:54,74,63.44,-20.27,44.1,18.92
porto novo,40,BJ,2020-10-24 00:24:54,88,6.5,2.6,80.6,11.41
nurota,77,UZ,2020-10-24 00:24:55,64,40.56,65.69,33.8,2.24
huitziltepec,95,MX,2020-10-24 00:24:55,75,17.82,-99.47,70.02,1.97
paamiut,64,GL,2020-10-24 00:24:55,88,61.99,-49.67,32.9,22.35
batemans bay,99,AU,2020-10-24 00:24:55,89,-35.72,150.18,71.01,10.0
simao,100,CN,2020-10-24 00:24:55,71,22.79,100.97,57.97,1.61
pasinler,0,TR,2020-10-24 00:24:55,79,39.98,41.68,28.4,2.24
port hardy,90,CA,2020-10-24 00:24:56,93,50.7,-127.42,44.6,8.05
dandong,0,CN,2020-10-24 00:24:56,62,40.13,124.39,40.71,3.47
bandar-e anzali,1,IR,2020-10-24 00:24:56,83,37.47,49.46,63.14,2.62
kerema,100,PG,2020-10-24 00:24:56,86,-7.96,145.78,77.25,6.29
gravdal,66,NO,2020-10-24 00:24:56,72,68.12,13.5,41.85,14.45
awjilah,2,LY,2020-10-24 00:24:57,79,29.11,21.29,64.71,12.75
arman,100,RU,2020-10-24 00:24:57,82,59.7,150.17,39.33,6.11
camana,44,PE,2020-10-24 00:24:57,79,-16.62,-72.71,63.81,4.85
imeni poliny osipenko,100,RU,2020-10-24 00:24:57,95,52.42,136.49,33.12,33.69
ochakiv,0,UA,2020-10-24 00:24:57,100,46.61,31.55,48.2,8.03
aykhal,0,RU,2020-10-24 00:24:58,72,66.0,111.5,14.0,11.18
arlit,0,NE,2020-10-24 00:24:58,15,18.74,7.39,79.47,12.35
makubetsu,75,JP,2020-10-24 00:24:58,87,45.37,141.82,46.4,19.46
chornukhy,100,UA,2020-10-24 00:24:58,64,50.27,32.94,55.31,6.13
dunedin,50,NZ,2020-10-24 00:22:27,47,-45.87,170.5,65.97,5.88
yaan,100,NG,2020-10-24 00:24:59,94,7.38,8.57,73.9,4.94
tuatapere,99,NZ,2020-10-24 00:24:59,50,-46.13,167.68,72.0,15.01
rafaela,92,AR,2020-10-24 00:24:59,73,-31.25,-61.49,73.0,3.0
galle,84,LK,2020-10-24 00:25:00,86,6.04,80.22,78.87,9.78
bandarbeyla,93,SO,2020-10-24 00:25:00,77,9.49,50.81,76.28,3.67
fare,22,PF,2020-10-24 00:25:00,70,-16.7,-151.02,79.84,9.82
mednogorsk,100,RU,2020-10-24 00:25:00,97,51.41,57.59,34.7,12.3
vega de alatorre,0,MX,2020-10-24 00:25:01,75,20.03,-96.63,77.65,1.72
corner brook,75,CA,2020-10-24 00:21:07,82,48.97,-57.95,42.8,2.08
jiuquan,0,CN,2020-10-24 00:25:01,68,39.74,98.52,35.8,1.48
luba,100,GQ,2020-10-24 00:25:02,81,3.46,8.55,77.68,1.43
xining,21,CN,2020-10-24 00:25:02,64,36.62,101.77,41.54,2.71
kargasok,100,RU,2020-10-24 00:25:02,98,59.06,80.86,28.02,3.89
zhangye,0,CN,2020-10-24 00:25:02,54,38.93,100.45,42.35,3.58
skjervoy,100,NO,2020-10-24 00:25:03,87,70.03,20.97,39.65,26.15
mungeli,1,IN,2020-10-24 00:25:03,52,22.07,81.68,68.11,3.24
corrente,89,BR,2020-10-24 00:25:03,78,-3.74,-43.34,78.42,6.87
mana,85,GF,2020-10-24 00:25:03,82,5.66,-53.78,81.14,10.6
mpulungu,76,ZM,2020-10-24 00:25:03,47,-8.76,31.11,80.13,6.11
strezhevoy,90,RU,2020-10-24 00:25:04,92,60.73,77.59,17.6,4.68
meridian,75,US,2020-10-24 00:21:15,20,43.61,-116.39,54.0,5.82
namatanai,7,PG,2020-10-24 00:25:04,59,-3.67,152.43,86.18,1.1
